Time (s),Resistance (k Ohms),Temp (K)
0,9.31,299.936629051
30,9.31,299.936629051
60,9.31,299.936629051
90,9.31,299.936629051
120,9.31,299.936629051
150,9.31,299.936629051
180,9.31,299.936629051
210,15.33,287.858997762
240,17.43,284.876310234
270,18.72,283.238785874
300,19.34,282.496486348
330,19.63,282.158443167
360,19.76,282.00873056
390,19.8,281.962888537
420,19.77,281.997260248
450,19.7,282.077690208
480,19.63,282.158443167
510,19.56,282.239521592
540,19.5,282.309278319
570,19.44,282.379277581
600,19.38,282.449520983
